Purchase date,Purchase time,order ID,transaction type,total amount,net return
10/1/2021,10/1/2021 10:05,191LG0,PAY,"29,400","19,028"
10/1/2021,10/1/2021 10:43,0XSY00,PAY,"19,000","11,872"
10/1/2021,10/1/2021 11:28,22YN00,PAY,"24,500","17,190"
10/1/2021,10/1/2021 12:05,11BNR0,PAY,"18,500","11,388"
10/1/2021,10/1/2021 12:28,22M4R0,PAY,"18,500","11,388"
10/1/2021,10/1/2021 12:35,06N8G0,PAY,"27,900","20,478"
10/1/2021,10/1/2021 13:09,1M7WR0,PAY,"22,000","14,773"
10/1/2021,10/1/2021 14:36,23A080,PAY,"27,000","16,707"
10/1/2021,10/1/2021 15:16,0LAV00,PAY,"31,400","23,863"
10/1/2021,10/1/2021 17:46,243UR0,PAY,"19,000","11,872"
10/1/2021,10/1/2021 19:52,290S80,PAY,"28,900","18,544"
10/1/2021,10/1/2021 21:31,2DM180,PAY,"35,800","25,217"
10/1/2021,10/1/2021 22:02,1D4600,PAY,"26,500","19,124"
10/2/2021,10/2/2021 11:37,1NU1G0,PAY,"24,000","16,707"
10/2/2021,10/2/2021 13:07,0MKN00,PAY,"18,000","10,905"
10/2/2021,10/2/2021 14:10,1R3280,PAY,"27,400","19,995"
10/2/2021,10/2/2021 15:18,1V2DG0,PAY,"22,000","14,773"
10/2/2021,10/2/2021 15:38,0YHY80,PAY,"19,000","11,872"
10/2/2021,10/2/2021 16:27,1S2Y80,PAY,"20,000","12,839"
10/2/2021,10/2/2021 18:50,2XS780,PAY,"20,000","12,839"
10/2/2021,10/2/2021 19:22,1NLNG0,PAY,"53,000","44,750"
10/2/2021,10/2/2021 19:24,12EHG0,PAY,"18,000","10,905"
10/2/2021,10/2/2021 22:43,0MWR80,PAY,"18,900","11,775"
10/2/2021,10/2/2021 23:10,0AH0G0,PAY,"27,000","19,608"
10/2/2021,10/2/2021 23:10,0AH0G0,CANCEL,"-27,000","-19,608"
10/2/2021,10/2/2021 23:11,1G5500,PAY,"27,000","19,608"
10/3/2021,10/3/2021 12:01,0S26G0,PAY,"33,400","25,797"
10/3/2021,10/3/2021 12:01,0S26G0,CANCEL,"-33,400","-25,797"
10/3/2021,10/3/2021 12:17,1EM700,PAY,"20,500","13,322"
10/3/2021,10/3/2021 13:05,2ALSG0,PAY,"26,400","19,028"
10/3/2021,10/3/2021 15:16,0RBDR0,PAY,"20,900","13,709"
10/3/2021,10/3/2021 16:32,2R2BR0,PAY,"21,000","13,806"
10/3/2021,10/3/2021 19:10,0LK0R0,PAY,"26,300","18,931"
10/3/2021,10/3/2021 20:41,17NB00,PAY,"19,000","11,872"
10/3/2021,10/3/2021 22:31,0Y20G0,PAY,"28,900","21,445"
10/4/2021,10/4/2021 10:34,04MFG0,PAY,"19,800","12,646"
10/4/2021,10/4/2021 11:00,1L97R0,PAY,"35,200","27,537"
10/4/2021,10/4/2021 11:45,1RKC80,PAY,"35,400","27,731"
10/4/2021,10/4/2021 12:28,2KY780,PAY,"18,000","10,905"
10/4/2021,10/4/2021 12:33,1XYE00,PAY,"18,000","10,905"
10/4/2021,10/4/2021 12:47,0VLNR0,PAY,"22,700","12,549"
10/4/2021,10/4/2021 13:17,2CV9G0,PAY,"28,900","18,544"
10/4/2021,10/4/2021 14:32,0WSK80,PAY,"26,300","18,931"
10/4/2021,10/4/2021 14:51,16J8G0,PAY,"28,500","21,058"
10/4/2021,10/4/2021 19:00,19VT00,PAY,"26,000","18,641"
10/4/2021,10/4/2021 19:24,2K22R0,PAY,"18,500","11,388"
10/4/2021,10/4/2021 20:26,1P8YR0,PAY,"41,500","33,629"
10/4/2021,10/4/2021 20:27,2DAUG0,PAY,"27,900","20,478"
10/4/2021,10/4/2021 20:29,0U7M80,PAY,"19,200","12,065"
10/4/2021,10/4/2021 21:43,05P080,PAY,"24,900","17,577"
10/5/2021,10/5/2021 10:14,1TU3G0,PAY,"21,000","11,430"
10/5/2021,10/5/2021 10:42,1D9PG0,PAY,"42,500","34,596"
10/5/2021,10/5/2021 11:11,01E5G0,PAY,"18,000","10,905"
10/5/2021,10/5/2021 11:33,2UYB00,PAY,"27,400","19,995"
10/5/2021,10/5/2021 11:50,1T3TR0,PAY,"34,000","20,393"
10/5/2021,10/5/2021 12:02,0KHYG0,PAY,"18,000","10,905"
10/5/2021,10/5/2021 12:20,0BGYG0,PAY,"28,900","21,445"
10/5/2021,10/5/2021 12:22,0YV6R0,PAY,"29,000","16,108"
10/5/2021,10/5/2021 12:29,1RGD80,PAY,"40,000","32,179"
10/5/2021,10/5/2021 14:15,0GVWR0,PAY,"29,700","19,318"
10/5/2021,10/5/2021 15:57,11RTG0,PAY,"20,500","13,322"
10/5/2021,10/5/2021 16:46,0C9C00,PAY,"43,200","32,372"
10/5/2021,10/5/2021 16:58,19FBR0,PAY,"51,000","42,816"
10/5/2021,10/5/2021 17:06,2KH4R0,PAY,"20,500","13,322"
10/5/2021,10/5/2021 17:20,078M80,PAY,"23,000","15,740"
10/5/2021,10/5/2021 18:07,1M23G0,PAY,"32,900","25,313"
10/5/2021,10/5/2021 18:17,0UUDR0,PAY,"24,000","16,707"
10/5/2021,10/5/2021 20:07,1N3T80,PAY,"33,400","25,797"
10/5/2021,10/5/2021 20:10,1W0200,PAY,"21,000","13,806"
10/5/2021,10/5/2021 22:12,1JRNR0,PAY,"24,600","17,287"
10/5/2021,10/5/2021 22:18,04ECR0,PAY,"23,500","16,223"
10/5/2021,10/5/2021 22:36,0V5J00,PAY,"24,000","16,707"
10/5/2021,10/5/2021 23:27,1CA300,PAY,"24,000","13,806"
10/5/2021,10/5/2021 23:58,1CS580,PAY,"26,900","19,511"
10/6/2021,10/6/2021 11:00,1U80G0,PAY,"29,900","22,412"
10/6/2021,10/6/2021 11:16,2KPVG0,PAY,"24,000","16,707"
10/6/2021,10/6/2021 11:33,0UKN80,PAY,"19,000","11,872"
10/6/2021,10/6/2021 11:44,27R3G0,PAY,"25,500","15,256"
10/6/2021,10/6/2021 11:56,1JB500,PAY,"21,000","13,806"
10/6/2021,10/6/2021 12:14,20LW80,PAY,"24,000","13,806"
10/6/2021,10/6/2021 12:21,0XFP80,PAY,"32,400","21,929"
10/6/2021,10/6/2021 12:32,2A9A00,PAY,"27,900","17,736"
10/6/2021,10/6/2021 13:16,2TLHR0,PAY,"26,300","18,931"
10/6/2021,10/6/2021 14:52,0HLB00,PAY,"18,000","10,080"
10/6/2021,10/6/2021 15:23,0F5RR0,PAY,"21,400","14,193"
10/6/2021,10/6/2021 16:54,2W8L00,PAY,"26,900","16,356"
10/6/2021,10/6/2021 17:00,0HK900,PAY,"21,000","10,905"
10/6/2021,10/6/2021 18:32,1TA880,PAY,"25,500","18,157"
10/6/2021,10/6/2021 18:47,1X0680,PAY,"18,000","10,905"
10/6/2021,10/6/2021 19:49,16AF80,PAY,"21,000","13,806"
10/6/2021,10/6/2021 21:20,16WM00,PAY,"18,500","11,388"
10/6/2021,10/6/2021 22:50,1C8UG0,PAY,"22,000","14,773"
10/6/2021,10/6/2021 22:51,03WEG0,PAY,"32,800","22,316"
10/6/2021,10/6/2021 23:09,21LH00,PAY,"18,500","11,388"
10/6/2021,10/6/2021 23:20,1VYA80,PAY,"24,000","16,707"
10/6/2021,10/6/2021 23:48,1RM780,PAY,"28,900","21,445"
10/7/2021,10/7/2021 11:00,0P7400,PAY,"20,000","12,839"
10/7/2021,10/7/2021 11:07,05JP80,PAY,"19,000","11,872"
10/7/2021,10/7/2021 11:12,1AEKG0,PAY,"20,300","10,845"
10/7/2021,10/7/2021 11:23,0FJB00,PAY,"24,500","17,190"
10/7/2021,10/7/2021 11:45,2RHRR0,PAY,"18,000","8,925"
10/7/2021,10/7/2021 12:30,0DAJ00,PAY,"26,900","19,511"
10/7/2021,10/7/2021 12:42,1T65G0,PAY,"22,800","12,646"
10/7/2021,10/7/2021 15:15,1FGX00,PAY,"26,300","18,931"
10/7/2021,10/7/2021 15:45,2CVT80,PAY,"27,000","19,608"
10/7/2021,10/7/2021 16:37,1XL980,PAY,"21,000","10,905"
10/7/2021,10/7/2021 16:54,0SNK00,PAY,"18,500","11,388"
10/7/2021,10/7/2021 19:36,154LG0,PAY,"33,000","25,410"
10/7/2021,10/7/2021 21:57,09X0R0,PAY,"22,500","15,256"
10/7/2021,10/7/2021 22:04,2WN7G0,PAY,"30,300","19,898"
10/7/2021,10/7/2021 22:19,1XAD80,PAY,"20,500","13,322"
10/8/2021,10/8/2021 11:28,0AM480,PAY,"20,900","11,738"
10/8/2021,10/8/2021 12:47,2EEE00,PAY,"19,500","11,447"
10/8/2021,10/8/2021 16:04,1M2F80,PAY,"18,400","11,292"
10/8/2021,10/8/2021 16:59,1DJYG0,PAY,"23,500","16,223"
10/8/2021,10/8/2021 18:38,1RCER0,PAY,"21,000","13,806"
10/8/2021,10/8/2021 18:38,181PG0,PAY,"21,000","13,806"
10/8/2021,10/8/2021 18:46,2329R0,PAY,"48,000","39,915"
10/8/2021,10/8/2021 23:09,0YNP80,PAY,"34,900","27,247"
10/9/2021,10/9/2021 10:14,2UJTG0,PAY,"18,500","10,024"
10/9/2021,10/9/2021 11:27,18F200,PAY,"22,000","9,548"
10/9/2021,10/9/2021 13:03,26XLG0,PAY,"18,000","10,905"
10/9/2021,10/9/2021 13:04,0NU0R0,PAY,"20,000","12,839"
10/9/2021,10/9/2021 13:41,12A5G0,PAY,"30,000","22,509"
10/9/2021,10/9/2021 16:35,0H8ER0,PAY,"21,800","9,939"
10/9/2021,10/9/2021 17:45,07BER0,PAY,"25,900","16,022"
10/9/2021,10/9/2021 19:40,1VPDG0,PAY,"27,300","19,898"
10/9/2021,10/9/2021 20:53,2CM700,PAY,"19,400","12,259"
10/9/2021,10/9/2021 23:10,2193G0,PAY,"18,000","10,080"
10/10/2021,10/10/2021 10:16,0WTBR0,PAY,"27,900","17,736"
10/10/2021,10/10/2021 11:03,1DDT00,PAY,"20,500","13,322"
10/10/2021,10/10/2021 11:41,17F080,PAY,"18,200","8,254"
10/10/2021,10/10/2021 11:47,1SUB00,PAY,"37,000","29,278"
10/10/2021,10/10/2021 11:47,0M2HR0,PAY,"29,000","21,542"
10/10/2021,10/10/2021 11:57,21A180,PAY,"19,400","12,259"
10/10/2021,10/10/2021 12:34,22SNR0,PAY,"18,500","7,125"
10/10/2021,10/10/2021 12:52,2PU180,PAY,"33,900","23,379"
10/10/2021,10/10/2021 13:10,1UTNR0,PAY,"18,200","11,098"
10/10/2021,10/10/2021 13:20,1NT600,PAY,"19,000","7,472"
10/10/2021,10/10/2021 14:34,132D00,PAY,"29,000","17,376"
10/10/2021,10/10/2021 17:40,0H1RG0,PAY,"23,500","16,223"
10/10/2021,10/10/2021 19:12,0RD5R0,PAY,"19,400","12,259"
10/10/2021,10/10/2021 20:35,018LR0,PAY,"22,700","15,450"
10/10/2021,10/10/2021 21:49,0SV100,PAY,"23,400","16,127"
10/11/2021,10/11/2021 10:33,1A2P80,PAY,"18,900","11,775"
10/11/2021,10/11/2021 11:03,1CPD00,PAY,"29,400","19,028"
10/11/2021,10/11/2021 11:40,2Y8V80,PAY,"33,400","25,797"
10/11/2021,10/11/2021 12:04,2U1J80,PAY,"18,000","10,905"
10/11/2021,10/11/2021 12:20,021BR0,PAY,"29,300","21,832"
10/11/2021,10/11/2021 12:53,0D3CG0,PAY,"48,000","39,915"
10/11/2021,10/11/2021 13:49,1U0BG0,PAY,"19,500","12,355"
10/11/2021,10/11/2021 15:24,2SXJG0,PAY,"18,500","11,388"
10/11/2021,10/11/2021 16:22,1AJEG0,PAY,"31,400","23,863"
10/11/2021,10/11/2021 16:36,2GC300,PAY,"32,300","24,733"
10/11/2021,10/11/2021 17:47,01WV00,PAY,"22,400","12,259"
10/11/2021,10/11/2021 17:57,01VLR0,PAY,"21,000","10,905"
10/11/2021,10/11/2021 20:12,2MU9G0,PAY,"40,500","32,662"
10/12/2021,10/12/2021 10:15,24J7G0,PAY,"32,500","24,926"
10/12/2021,10/12/2021 11:03,0C1X00,PAY,"24,900","17,577"
10/12/2021,10/12/2021 11:12,1TS9G0,PAY,"29,000","18,641"
10/12/2021,10/12/2021 11:31,2JA6G0,PAY,"25,900","18,544"
10/12/2021,10/12/2021 12:50,0DJR80,PAY,"41,500","33,629"
10/12/2021,10/12/2021 13:08,073NR0,PAY,"19,500","12,355"
10/12/2021,10/12/2021 13:36,1ELHR0,PAY,"18,400","11,292"
10/12/2021,10/12/2021 14:01,1RHUR0,PAY,"19,000","11,872"
10/12/2021,10/12/2021 17:28,1LE780,PAY,"18,900","11,775"
10/12/2021,10/12/2021 17:28,1LE780,CANCEL,"-18,900","-11,775"
10/12/2021,10/12/2021 17:29,1RR880,PAY,"18,900","11,775"
10/12/2021,10/12/2021 18:07,0KW280,PAY,"26,900","19,511"
10/12/2021,10/12/2021 18:57,18D580,PAY,"18,000","10,905"
10/12/2021,10/12/2021 22:23,2392G0,PAY,"24,500","17,190"
10/13/2021,10/13/2021 10:20,0TYG00,PAY,"18,000","10,905"
10/13/2021,10/13/2021 10:21,2FKF80,PAY,"27,900","20,478"
10/13/2021,10/13/2021 10:44,07WA00,PAY,"18,000","6,780"
10/13/2021,10/13/2021 11:15,116FR0,PAY,"25,000","14,773"
10/13/2021,10/13/2021 11:17,0GFMG0,PAY,"19,500","12,355"
10/13/2021,10/13/2021 11:24,24TL00,PAY,"19,000","11,872"
10/13/2021,10/13/2021 11:40,1SGL80,PAY,"25,200","14,966"
10/13/2021,10/13/2021 11:56,36680,PAY,"27,900","20,478"
10/13/2021,10/13/2021 12:40,0U0H00,PAY,"30,900","20,478"
10/13/2021,10/13/2021 15:42,12HMR0,PAY,"22,000","14,773"
10/13/2021,10/13/2021 18:01,2VWVR0,PAY,"26,400","19,028"
10/13/2021,10/13/2021 18:07,07W700,PAY,"25,400","18,061"
10/13/2021,10/13/2021 18:51,2LWR00,PAY,"18,900","11,775"
10/13/2021,10/13/2021 23:21,0506R0,PAY,"19,000","10,992"
10/14/2021,10/14/2021 11:23,0NCLG0,PAY,"18,000","10,905"
10/14/2021,10/14/2021 12:09,10G5R0,PAY,"18,400","9,596"
10/14/2021,10/14/2021 13:01,1DMPR0,PAY,"20,500","11,010"
10/14/2021,10/14/2021 13:11,09BDR0,PAY,"24,000","16,707"
10/14/2021,10/14/2021 15:15,2VFGR0,PAY,"18,500","11,388"
10/14/2021,10/14/2021 15:31,0XSLR0,PAY,"32,300","24,733"
10/14/2021,10/14/2021 16:44,17G3G0,PAY,"29,500","19,124"
10/14/2021,10/14/2021 16:56,1U1W00,PAY,"26,700","16,417"
10/14/2021,10/14/2021 18:00,0NL200,PAY,"19,500","12,355"
10/14/2021,10/14/2021 19:45,1STAG0,PAY,"43,000","35,080"
10/14/2021,10/14/2021 21:30,2DSUG0,PAY,"31,400","23,863"
10/14/2021,10/14/2021 23:16,0NED80,PAY,"18,500","11,388"
10/15/2021,10/15/2021 11:00,06XEG0,PAY,"19,500","9,088"
10/15/2021,10/15/2021 11:01,2NU0G0,PAY,"29,900","22,412"
10/15/2021,10/15/2021 11:07,07SPG0,PAY,"18,000","9,253"
10/15/2021,10/15/2021 11:11,0057G0,PAY,"27,500","14,822"
10/15/2021,10/15/2021 11:18,2E66G0,PAY,"20,300","13,129"
10/15/2021,10/15/2021 12:46,2703G0,PAY,"18,200","11,098"
10/15/2021,10/15/2021 14:38,2HL480,PAY,"23,500","12,357"
10/15/2021,10/15/2021 17:15,1C2K80,PAY,"18,000","10,905"
10/15/2021,10/15/2021 19:21,05BJR0,PAY,"43,500","35,563"
10/15/2021,10/15/2021 21:12,1CEDR0,PAY,"18,000","10,905"
10/15/2021,10/15/2021 22:08,2WTC00,PAY,"25,900","18,544"
10/15/2021,10/15/2021 23:33,09PEG0,PAY,"32,000","24,443"
10/15/2021,10/15/2021 23:55,0XUF00,PAY,"26,900","12,938"
10/16/2021,10/16/2021 10:00,20B080,PAY,"25,400","18,061"
10/16/2021,10/16/2021 10:35,2TVLG0,PAY,"18,000","10,905"
10/16/2021,10/16/2021 12:22,1D5L80,PAY,"27,400","17,308"
10/16/2021,10/16/2021 12:33,22NN00,PAY,"25,400","18,061"
10/16/2021,10/16/2021 13:45,1W5Y80,PAY,"21,600","14,386"
10/16/2021,10/16/2021 13:53,2PAAR0,PAY,"22,000","14,773"
10/16/2021,10/16/2021 13:58,0X0180,PAY,"27,000","16,965"
10/16/2021,10/16/2021 16:23,0GXS00,PAY,"20,000","12,839"
10/16/2021,10/16/2021 18:33,0KJ100,PAY,"23,000","15,740"
10/17/2021,10/17/2021 13:20,14GA80,PAY,"19,500","12,355"
10/17/2021,10/17/2021 14:45,128R00,PAY,"26,300","18,931"
10/17/2021,10/17/2021 17:08,1AVUR0,PAY,"26,900","19,511"
10/17/2021,10/17/2021 17:27,27MJ80,PAY,"20,400","13,226"
10/17/2021,10/17/2021 17:46,0JUKR0,PAY,"23,000","12,839"
10/17/2021,10/17/2021 19:48,0M0J00,PAY,"40,500","32,662"
10/17/2021,10/17/2021 22:17,0PA000,PAY,"18,500","11,388"
10/17/2021,10/17/2021 23:34,2XKA80,PAY,"19,500","12,355"
10/17/2021,10/17/2021 23:34,0UFCR0,PAY,"18,900","11,775"
10/18/2021,10/18/2021 11:37,1W4FG0,PAY,"20,000","12,839"
10/18/2021,10/18/2021 11:39,1W4FG0,CANCEL,"-20,000","-12,839"
10/18/2021,10/18/2021 11:48,286T80,PAY,"18,000","10,905"
10/18/2021,10/18/2021 12:59,2M5480,PAY,"20,500","13,322"
10/18/2021,10/18/2021 13:12,13H8R0,PAY,"25,000","14,773"
10/18/2021,10/18/2021 13:12,13H8R0,CANCEL,"-25,000","-14,773"
10/18/2021,10/18/2021 13:33,1M4BR0,PAY,"40,000","32,179"
10/18/2021,10/18/2021 13:57,2SWD80,PAY,"26,200","15,933"
10/18/2021,10/18/2021 15:31,13V680,PAY,"18,000","10,080"
10/18/2021,10/18/2021 17:32,1CF3G0,PAY,"32,900","23,668"
10/18/2021,10/18/2021 17:42,09RJG0,PAY,"19,900","12,742"
10/18/2021,10/18/2021 18:11,0TDS00,PAY,"18,000","10,905"
10/18/2021,10/18/2021 18:40,140T00,PAY,"26,500","12,661"
10/18/2021,10/18/2021 18:44,2GR6G0,PAY,"45,000","37,014"
10/18/2021,10/18/2021 19:42,21VVR0,PAY,"33,900","22,877"
10/18/2021,10/18/2021 19:57,0R73R0,PAY,"21,000","13,806"
10/18/2021,10/18/2021 21:35,1P56R0,PAY,"32,300","20,862"
10/18/2021,10/18/2021 22:02,03FYG0,PAY,"24,000","16,707"
10/18/2021,10/18/2021 22:38,14TMR0,PAY,"24,900","17,577"
10/19/2021,10/19/2021 11:42,2CVM80,PAY,"18,000","10,905"
10/19/2021,10/19/2021 14:22,1E2UG0,PAY,"25,900","18,544"
10/19/2021,10/19/2021 16:10,07RFR0,PAY,"19,500","10,538"
10/19/2021,10/19/2021 17:42,10GYR0,PAY,"18,500","11,388"
10/19/2021,10/19/2021 19:17,9480,PAY,"18,400","11,292"
10/19/2021,10/19/2021 23:10,2RLR00,PAY,"32,900","14,719"
10/20/2021,10/20/2021 9:04,0D5H00,PAY,"26,400","19,028"
10/20/2021,10/20/2021 9:38,2NCKG0,PAY,"32,000","24,443"
10/20/2021,10/20/2021 10:49,2FN000,PAY,"25,400","18,061"
10/20/2021,10/20/2021 10:55,1E00G0,PAY,"29,900","22,412"
10/20/2021,10/20/2021 11:18,2GG7R0,PAY,"29,000","17,376"
10/20/2021,10/20/2021 14:22,0ENNR0,PAY,"26,300","18,931"
10/20/2021,10/20/2021 16:24,2G6TG0,PAY,"29,500","12,403"
10/20/2021,10/20/2021 20:28,1R9D80,PAY,"25,900","18,544"
10/20/2021,10/20/2021 22:13,1KFR00,PAY,"36,800","29,085"
10/20/2021,10/20/2021 22:32,2G0000,PAY,"33,400","17,103"
10/21/2021,10/21/2021 9:26,2ACX00,PAY,"18,000","10,905"
10/21/2021,10/21/2021 10:01,0JS9R0,PAY,"26,900","18,196"
10/21/2021,10/21/2021 11:05,14AK00,PAY,"18,200","10,262"
10/21/2021,10/21/2021 11:17,0UXXG0,PAY,"18,000","10,905"
10/21/2021,10/21/2021 11:41,0LX3G0,PAY,"26,900","19,511"
10/21/2021,10/21/2021 12:34,29BSG0,PAY,"21,800","14,580"
10/21/2021,10/21/2021 12:40,0XKYG0,PAY,"25,900","18,544"
10/21/2021,10/21/2021 14:28,0YEKG0,PAY,"18,000","10,905"
10/21/2021,10/21/2021 14:28,2HXS00,PAY,"18,000","10,905"
10/21/2021,10/21/2021 14:35,2A5C80,PAY,"26,300","18,931"
10/21/2021,10/21/2021 14:35,0YEKG0,CANCEL,"-18,000","-10,905"
10/21/2021,10/21/2021 16:19,2MMFR0,PAY,"29,500","19,124"
10/21/2021,10/21/2021 19:34,0CB480,PAY,"45,000","37,014"
10/21/2021,10/21/2021 20:46,2RDT80,PAY,"21,500","14,289"
10/21/2021,10/21/2021 21:06,1Y1280,PAY,"19,900","12,742"
10/21/2021,10/21/2021 22:18,28R2G0,PAY,"19,000","11,872"
10/21/2021,10/21/2021 22:20,0306G0,PAY,"23,000","15,740"
10/22/2021,10/22/2021 10:45,1AK480,PAY,"26,400","19,028"
10/22/2021,10/22/2021 15:12,2RWFG0,PAY,"26,400","19,028"
10/22/2021,10/22/2021 15:43,2MBUG0,PAY,"23,000","15,740"
10/22/2021,10/22/2021 19:58,0EDJ00,PAY,"21,800","14,580"
10/22/2021,10/22/2021 22:48,0EL400,PAY,"24,900","11,314"
10/23/2021,10/23/2021 12:49,0J9M00,PAY,"18,500","10,363"
10/23/2021,10/23/2021 14:00,24VG80,PAY,"19,000","10,110"
10/23/2021,10/23/2021 14:10,0VPE80,PAY,"26,900","12,676"
10/24/2021,10/24/2021 10:43,0D3280,PAY,"27,500","17,393"
10/24/2021,10/24/2021 17:22,220UG0,PAY,"18,400","11,292"
10/24/2021,10/24/2021 17:48,07B700,PAY,"52,400","44,170"
10/24/2021,10/24/2021 18:53,0HD7R0,PAY,"45,000","37,014"
10/24/2021,10/24/2021 20:33,2EHVG0,PAY,"18,500","10,535"
10/25/2021,10/25/2021 10:06,1TJMG0,PAY,"18,000","10,905"
10/25/2021,10/25/2021 11:00,1VELG0,PAY,"40,000","32,179"
10/25/2021,10/25/2021 11:13,1TX680,PAY,"18,500","11,388"
10/25/2021,10/25/2021 11:38,01SX80,PAY,"30,900","20,478"
10/25/2021,10/25/2021 12:15,1BJH00,PAY,"22,800","12,646"
10/25/2021,10/25/2021 12:16,1HGRR0,PAY,"23,900","10,859"
10/25/2021,10/25/2021 12:23,1BYN00,PAY,"20,000","12,839"
10/25/2021,10/25/2021 13:00,2423R0,PAY,"40,500","32,662"
10/25/2021,10/25/2021 16:05,1393R0,PAY,"28,300","20,865"
10/25/2021,10/25/2021 16:08,2C42R0,PAY,"23,700","16,417"
10/25/2021,10/25/2021 17:21,19BM80,PAY,"23,200","13,032"
10/25/2021,10/25/2021 17:27,2K7AG0,PAY,"18,000","6,778"
10/25/2021,10/25/2021 18:57,1FWS80,PAY,"27,400","17,308"
10/25/2021,10/25/2021 19:26,23WRR0,PAY,"24,400","12,167"
10/25/2021,10/25/2021 22:22,160A80,PAY,"33,400","25,797"
10/26/2021,10/26/2021 9:06,1EJXG0,PAY,"23,400","16,127"
10/26/2021,10/26/2021 11:58,2PLEG0,PAY,"27,900","20,478"
10/26/2021,10/26/2021 12:13,0Y3UG0,PAY,"18,300","9,510"
10/26/2021,10/26/2021 13:00,2ASCR0,PAY,"29,300","18,936"
10/26/2021,10/26/2021 13:24,1W9X00,PAY,"20,500","13,322"
10/26/2021,10/26/2021 18:33,2HDJ00,PAY,"42,500","30,247"
10/26/2021,10/26/2021 18:58,2BEA00,PAY,"21,000","11,824"
10/26/2021,10/26/2021 20:18,1JPH00,PAY,"18,900","11,775"
10/26/2021,10/26/2021 21:22,004CG0,PAY,"44,000","36,047"
10/26/2021,10/26/2021 22:16,0V4VG0,PAY,"19,900","12,742"
10/26/2021,10/26/2021 22:33,1JW580,PAY,"22,500","13,109"
10/26/2021,10/26/2021 22:48,1YW700,PAY,"22,500","15,256"
10/27/2021,10/27/2021 9:43,22GH00,PAY,"42,900","32,082"
10/27/2021,10/27/2021 9:51,0M3CG0,PAY,"29,500","22,025"
10/27/2021,10/27/2021 10:54,04RY80,PAY,"18,300","11,195"
10/27/2021,10/27/2021 11:09,1PWW80,PAY,"27,500","20,091"
10/27/2021,10/27/2021 17:50,1TYNR0,PAY,"19,000","11,872"
10/27/2021,10/27/2021 18:51,170A00,PAY,"30,500","22,992"
10/27/2021,10/27/2021 19:31,0FDRR0,PAY,"26,500","16,223"
10/27/2021,10/27/2021 19:39,0AJYR0,PAY,"23,500","15,095"
10/27/2021,10/27/2021 22:51,22D8G0,PAY,"59,500","51,035"
10/27/2021,10/27/2021 23:33,15C500,PAY,"19,000","11,872"
10/28/2021,10/28/2021 11:48,0WBW80,PAY,"22,800","12,646"
10/28/2021,10/28/2021 12:14,1TGA00,PAY,"18,500","11,388"
10/28/2021,10/28/2021 13:08,2CHX80,PAY,"23,400","16,127"
10/28/2021,10/28/2021 17:28,1V5TG0,PAY,"22,000","11,872"
10/28/2021,10/28/2021 18:35,1S8JR0,PAY,"27,000","18,288"
10/28/2021,10/28/2021 19:44,13VL80,PAY,"27,400","19,995"
10/29/2021,10/29/2021 12:05,1HL2G0,PAY,"39,500","31,695"
10/29/2021,10/29/2021 12:24,2ULR00,PAY,"21,000","13,806"
10/29/2021,10/29/2021 13:46,1FLBG0,PAY,"18,000","10,905"
10/29/2021,10/29/2021 17:01,2KB2R0,PAY,"21,400","14,193"
10/29/2021,10/29/2021 20:50,0WWKG0,PAY,"23,000","15,740"
10/30/2021,10/30/2021 12:00,049UG0,PAY,"18,000","10,905"
10/30/2021,10/30/2021 18:47,0E8SG0,PAY,"23,900","16,610"
10/30/2021,10/30/2021 19:05,0N7NR0,PAY,"18,900","11,775"
10/30/2021,10/30/2021 20:23,1CBM00,PAY,"20,700","20,017"
10/30/2021,10/30/2021 20:25,1CBM00,CANCEL,"-20,700","-20,017"
10/30/2021,10/30/2021 20:59,22BNR0,PAY,"39,000","31,212"
10/30/2021,10/30/2021 21:58,0XU9G0,PAY,"22,500","15,256"
10/31/2021,10/31/2021 10:23,05X5G0,PAY,"18,500","11,388"
10/31/2021,10/31/2021 13:03,00FH00,PAY,"27,400","19,995"
10/31/2021,10/31/2021 16:44,09YHR0,PAY,"19,900","12,742"
10/31/2021,10/31/2021 17:17,1X6A00,PAY,"29,500","19,124"
10/31/2021,10/31/2021 17:44,2BA200,PAY,"26,900","12,676"
10/31/2021,10/31/2021 17:45,2BA200,CANCEL,"-26,900","-12,676"
10/31/2021,10/31/2021 17:46,2G3DR0,PAY,"26,900","12,676"
10/31/2021,10/31/2021 19:17,2SE8G0,PAY,"43,500","23,980"
10/31/2021,10/31/2021 22:36,2GPU00,PAY,"18,500","10,535"
11/1/2021,11/1/2021 0:19,2H8N80,PAY,"26,900","19,511"
11/1/2021,11/1/2021 11:02,1N0KG0,PAY,"57,000","48,618"
11/1/2021,11/1/2021 11:15,0GGD00,PAY,"28,800","21,349"
11/1/2021,11/1/2021 11:15,0GGD00,CANCEL,"-28,800","-21,349"
11/1/2021,11/1/2021 11:49,1T90R0,PAY,"18,000","10,905"
11/1/2021,11/1/2021 11:56,2XD8G0,PAY,"25,400","18,061"
11/1/2021,11/1/2021 12:00,0GXMG0,PAY,"41,500","33,629"
11/1/2021,11/1/2021 12:06,1KJAR0,PAY,"32,000","24,443"
11/1/2021,11/1/2021 12:06,10KXG0,PAY,"21,000","9,844"
11/1/2021,11/1/2021 17:39,0EYRR0,PAY,"26,300","18,931"
11/1/2021,11/1/2021 17:51,2N8MR0,PAY,"39,000","31,212"
11/1/2021,11/1/2021 18:17,0PYBG0,PAY,"40,000","32,179"
11/1/2021,11/1/2021 18:40,2CBE80,PAY,"22,000","14,773"
11/1/2021,11/1/2021 20:05,0B5E00,PAY,"29,400","21,929"
11/1/2021,11/1/2021 20:11,1SE680,PAY,"35,900","28,214"
11/1/2021,11/1/2021 20:24,23300,PAY,"25,000","17,674"
11/1/2021,11/1/2021 21:07,05ADG0,PAY,"31,900","24,346"
11/1/2021,11/1/2021 22:05,04C200,PAY,"38,500","37,229"
11/1/2021,11/1/2021 22:05,04C200,CANCEL,"-38,500","-37,229"
11/1/2021,11/1/2021 22:07,2J61R0,PAY,"41,500","33,629"
11/2/2021,11/2/2021 0:56,2U75R0,PAY,"18,500","11,388"
11/2/2021,11/2/2021 0:59,02ALG0,PAY,"24,400","17,094"
11/2/2021,11/2/2021 11:36,2NVDR0,PAY,"28,000","19,200"
11/2/2021,11/2/2021 13:52,2UVLR0,PAY,"18,000","10,905"
11/2/2021,11/2/2021 15:04,1YBX80,PAY,"30,300","22,799"
11/2/2021,11/2/2021 15:16,2N08G0,PAY,"18,400","11,292"
11/2/2021,11/2/2021 17:33,08BUR0,PAY,"38,400","30,632"
11/2/2021,11/2/2021 17:51,1P3S00,PAY,"29,500","22,025"
11/2/2021,11/2/2021 19:09,2DEA00,PAY,"20,400","13,226"
11/2/2021,11/2/2021 20:05,2D2UG0,PAY,"23,500","16,223"
11/2/2021,11/2/2021 20:33,282MR0,PAY,"22,500","15,256"
11/2/2021,11/2/2021 21:15,2JGGR0,PAY,"27,900","17,188"
11/2/2021,11/2/2021 21:47,0J8LR0,PAY,"19,000","11,872"
11/2/2021,11/2/2021 23:14,1GN3R0,PAY,"20,900","13,709"
11/3/2021,11/3/2021 0:11,1TFJ00,PAY,"30,500","22,992"
11/3/2021,11/3/2021 10:41,2SCH80,PAY,"19,000","11,872"
11/3/2021,11/3/2021 10:41,2SCH80,CANCEL,"-19,000","-11,872"
11/3/2021,11/3/2021 10:42,0P1500,PAY,"19,500","12,355"
11/3/2021,11/3/2021 11:13,2MDE80,PAY,"24,000","16,707"
11/3/2021,11/3/2021 11:34,1MYSR0,PAY,"24,500","17,190"
11/3/2021,11/3/2021 11:35,2AFNG0,PAY,"19,000","11,872"
11/3/2021,11/3/2021 11:50,1.57E+02,PAY,"19,500","12,355"
11/3/2021,11/3/2021 11:51,0N9B80,PAY,"27,000","12,744"
11/3/2021,11/3/2021 17:11,10GK80,PAY,"29,500","22,025"
11/3/2021,11/3/2021 17:40,2FCP00,PAY,"21,000","13,806"
11/3/2021,11/3/2021 20:29,0M1R00,PAY,"18,400","11,292"
11/3/2021,11/3/2021 20:40,19-Aug-00,PAY,"18,000","10,905"
11/3/2021,11/3/2021 20:52,259980,PAY,"45,000","37,014"
11/4/2021,11/4/2021 0:55,2LNPG0,PAY,"18,000","10,905"
11/4/2021,11/4/2021 10:28,16X980,PAY,"30,000","19,608"
11/4/2021,11/4/2021 10:34,08P8G0,PAY,"39,900","32,082"
11/4/2021,11/4/2021 14:00,2G1JR0,PAY,"18,500","11,388"
11/4/2021,11/4/2021 20:38,1XUH80,PAY,"23,000","13,538"
11/4/2021,11/4/2021 21:12,0ND300,PAY,"18,500","11,388"
11/4/2021,11/4/2021 21:37,0HV580,PAY,"30,400","19,879"
11/4/2021,11/4/2021 21:40,0VJB80,PAY,"24,500","17,190"
11/4/2021,11/4/2021 22:09,1B3HR0,PAY,"43,300","30,931"
11/4/2021,11/4/2021 23:18,21NG00,PAY,"21,000","13,806"
11/5/2021,11/5/2021 1:15,1ED1G0,PAY,"22,000","14,773"
11/5/2021,11/5/2021 9:52,2FL480,PAY,"23,500","16,223"
11/5/2021,11/5/2021 11:01,0XFCR0,PAY,"18,300","6,819"
11/5/2021,11/5/2021 14:26,0FA780,PAY,"19,500","12,355"
11/5/2021,11/5/2021 15:03,1R80G0,PAY,"18,000","10,905"
11/5/2021,11/5/2021 18:48,1R4A00,PAY,"23,000","15,740"
11/5/2021,11/5/2021 19:36,294K00,PAY,"45,000","37,014"
11/5/2021,11/5/2021 21:23,1MRF00,PAY,"22,000","14,773"
11/5/2021,11/5/2021 22:23,05GX00,PAY,"31,900","24,346"
11/6/2021,11/6/2021 0:54,2PHPR0,PAY,"36,400","22,449"
11/6/2021,11/6/2021 11:35,1Y18R0,PAY,"19,700","12,549"
11/6/2021,11/6/2021 14:20,2V6BR0,PAY,"26,400","19,028"
11/6/2021,11/6/2021 15:29,01UWG0,PAY,"19,500","12,355"
11/6/2021,11/6/2021 18:11,0YFAG0,PAY,"18,500","11,388"
11/6/2021,11/6/2021 18:32,21RSR0,PAY,"18,300","11,195"
11/6/2021,11/6/2021 20:23,1UN880,PAY,"24,500","17,190"
11/7/2021,11/7/2021 10:07,2UBBR0,PAY,"18,500","11,388"
11/7/2021,11/7/2021 12:19,10JJ80,PAY,"20,000","12,839"
11/7/2021,11/7/2021 12:26,2E42G0,PAY,"27,900","20,478"
11/7/2021,11/7/2021 14:16,1B4TR0,PAY,"23,500","16,223"
11/7/2021,11/7/2021 16:51,1.64E+02,PAY,"21,000","11,824"
11/7/2021,11/7/2021 17:27,0SSB00,PAY,"18,400","10,445"
11/7/2021,11/7/2021 17:41,1AGH80,PAY,"18,000","10,905"
11/7/2021,11/7/2021 17:41,1AGH80,CANCEL,"-18,000","-10,905"
11/7/2021,11/7/2021 17:41,0FP180,PAY,"18,000","10,905"
11/7/2021,11/7/2021 18:33,2T8K00,PAY,"22,000","11,872"
11/7/2021,11/7/2021 19:52,15U500,PAY,"23,900","16,610"
11/8/2021,11/8/2021 1:14,2AYT80,PAY,"31,400","23,863"
11/8/2021,11/8/2021 10:43,1WPN80,PAY,"21,000","13,806"
11/8/2021,11/8/2021 18:02,183T80,PAY,"46,000","37,981"
11/8/2021,11/8/2021 20:35,2U7M80,PAY,"14,000","13,538"
11/8/2021,11/8/2021 21:29,1V7EG0,PAY,"18,000","6,615"
11/8/2021,11/8/2021 22:29,2ANBG0,PAY,"32,900","25,313"
11/8/2021,11/8/2021 22:39,23H080,PAY,"33,000","25,410"
11/8/2021,11/8/2021 22:43,1XRNR0,PAY,"26,400","12,336"
11/9/2021,11/9/2021 10:25,0JBWG0,PAY,"23,000","15,740"
11/9/2021,11/9/2021 10:29,05J7R0,PAY,"32,400","24,830"
11/9/2021,11/9/2021 11:19,0FSBR0,PAY,"31,900","24,346"
11/9/2021,11/9/2021 11:21,2B5480,PAY,"24,900","17,577"
11/9/2021,11/9/2021 11:38,0V3DG0,PAY,"25,900","18,544"
11/9/2021,11/9/2021 13:28,002UG0,PAY,"22,900","22,144"
11/9/2021,11/9/2021 14:12,0HVW00,PAY,"29,900","19,450"
11/9/2021,11/9/2021 15:09,2ES1G0,PAY,"18,000","10,905"
11/9/2021,11/9/2021 18:07,0GJU00,PAY,"26,400","17,741"
11/9/2021,11/9/2021 20:55,19F3G0,PAY,"19,000","11,872"
11/10/2021,11/10/2021 1:04,1W5BR0,PAY,"26,000","12,063"
11/10/2021,11/10/2021 11:32,0AH700,PAY,"28,400","20,962"
11/10/2021,11/10/2021 11:40,29R600,PAY,"24,000","16,707"
11/10/2021,11/10/2021 12:41,0C8C80,PAY,"18,500","7,976"
11/10/2021,11/10/2021 13:48,16J9G0,PAY,"21,000","10,080"
11/10/2021,11/10/2021 15:47,2BYJ80,PAY,"15,500","14,988"
11/10/2021,11/10/2021 17:06,162Y80,PAY,"36,400","28,698"
11/10/2021,11/10/2021 18:12,1MK7R0,PAY,"26,000","18,641"
11/10/2021,11/10/2021 18:53,1BKA80,PAY,"45,000","37,014"
11/10/2021,11/10/2021 19:00,2AHKG0,PAY,"22,400","15,160"
11/10/2021,11/10/2021 22:07,0099R0,PAY,"29,800","14,651"
11/10/2021,11/10/2021 23:40,2T0980,PAY,"21,000","20,307"
11/11/2021,11/11/2021 1:16,1DU2G0,PAY,"20,500","13,322"
11/11/2021,11/11/2021 9:25,0AAUG0,PAY,"27,000","19,608"
11/11/2021,11/11/2021 10:17,1KGT00,PAY,"27,400","19,995"
11/11/2021,11/11/2021 11:07,2PE700,PAY,"33,400","25,797"
11/11/2021,11/11/2021 11:14,28GKR0,PAY,"22,500","15,256"
11/11/2021,11/11/2021 11:14,0S3AR0,PAY,"22,300","15,063"
11/11/2021,11/11/2021 11:22,2L2M80,PAY,"18,400","11,292"
11/11/2021,11/11/2021 12:05,3280,PAY,"28,900","14,038"
11/11/2021,11/11/2021 12:26,0A1SR0,PAY,"26,900","19,511"
11/11/2021,11/11/2021 13:09,0RGP00,PAY,"19,500","12,355"
11/11/2021,11/11/2021 13:33,2HD180,PAY,"18,500","11,388"
11/11/2021,11/11/2021 13:42,06N3G0,PAY,"18,900","11,775"
11/11/2021,11/11/2021 15:54,2THW00,PAY,"21,800","9,203"
11/11/2021,11/11/2021 21:07,2WW7G0,PAY,"32,900","25,313"
11/11/2021,11/11/2021 21:37,0CDN00,PAY,"18,000","10,905"
11/11/2021,11/11/2021 22:12,1YRXG0,PAY,"28,500","18,250"
11/12/2021,11/12/2021 9:09,1UKF80,PAY,"19,500","12,355"
11/12/2021,11/12/2021 10:24,1P51R0,PAY,"24,000","16,707"
11/12/2021,11/12/2021 10:30,06FH80,PAY,"24,400","17,094"
11/12/2021,11/12/2021 11:01,2Y0L00,PAY,"23,400","13,226"
11/12/2021,11/12/2021 13:09,1LJ4G0,PAY,"23,000","15,740"
11/12/2021,11/12/2021 15:31,2FK8R0,PAY,"18,900","10,024"
11/12/2021,11/12/2021 19:05,0RDKG0,PAY,"45,000","37,014"
11/12/2021,11/12/2021 21:07,2X5F80,PAY,"22,500","15,256"
11/12/2021,11/12/2021 22:54,19BKG0,PAY,"21,000","13,806"
11/13/2021,11/13/2021 1:12,0PEM80,PAY,"18,900","11,775"
11/13/2021,11/13/2021 10:01,1R8200,PAY,"29,500","22,025"
11/13/2021,11/13/2021 11:44,0FFTG0,PAY,"24,500","17,190"
11/13/2021,11/13/2021 12:31,1S9LR0,PAY,"18,000","10,080"
11/13/2021,11/13/2021 15:25,2CEHG0,PAY,"18,900","10,024"
11/13/2021,11/13/2021 15:59,17HAG0,PAY,"29,400","21,929"
11/13/2021,11/13/2021 16:46,2XMA00,PAY,"23,900","16,610"
11/13/2021,11/13/2021 17:56,04A5G0,PAY,"19,400","12,259"
11/13/2021,11/13/2021 19:53,1RL3R0,PAY,"18,900","11,775"
11/13/2021,11/13/2021 21:16,235HR0,PAY,"30,000","19,608"
11/13/2021,11/13/2021 23:03,0WN3R0,PAY,"26,400","19,028"
11/14/2021,11/14/2021 10:04,11ATG0,PAY,"18,400","7,548"
11/14/2021,11/14/2021 10:45,2EGCR0,PAY,"27,400","19,995"
11/14/2021,11/14/2021 13:14,0YLX80,PAY,"24,800","17,481"
11/14/2021,11/14/2021 15:20,0AV0G0,PAY,"27,000","19,608"
11/14/2021,11/14/2021 17:39,2PRV80,PAY,"18,000","10,905"
11/14/2021,11/14/2021 18:22,0CBD00,PAY,"82,900","70,762"
11/14/2021,11/14/2021 19:34,2E9JG0,PAY,"45,000","37,014"
11/14/2021,11/14/2021 19:47,068C00,PAY,"42,000","34,113"
11/14/2021,11/14/2021 20:14,0CEHG0,PAY,"29,900","22,412"
11/14/2021,11/14/2021 22:21,2U9280,PAY,"28,900","21,445"
11/15/2021,11/15/2021 10:24,0BA300,PAY,"18,000","10,905"
11/15/2021,11/15/2021 10:30,1G88G0,PAY,"20,000","7,977"
11/15/2021,11/15/2021 10:30,1AB980,PAY,"34,800","27,151"
11/15/2021,11/15/2021 11:48,2PF0G0,PAY,"33,900","26,280"
11/15/2021,11/15/2021 11:49,2102G0,PAY,"26,800","19,415"
11/15/2021,11/15/2021 12:14,1ASX80,PAY,"21,000","13,806"
11/15/2021,11/15/2021 12:27,1N9M80,PAY,"24,900","12,253"
11/15/2021,11/15/2021 13:54,1PK5R0,PAY,"24,400","17,094"
11/15/2021,11/15/2021 14:25,03TY00,PAY,"27,400","19,995"
11/15/2021,11/15/2021 15:03,0PA880,PAY,"25,400","18,061"
11/15/2021,11/15/2021 17:10,0J4YR0,PAY,"31,400","23,863"
11/15/2021,11/15/2021 17:34,1A0N00,PAY,"30,000","22,509"
11/15/2021,11/15/2021 19:02,03EC00,PAY,"27,500","13,084"
11/15/2021,11/15/2021 19:50,0PXF80,PAY,"18,000","7,603"
11/15/2021,11/15/2021 22:33,1726G0,PAY,"19,400","12,259"
11/16/2021,11/16/2021 1:29,2KV800,PAY,"18,500","11,388"
11/16/2021,11/16/2021 9:06,0J6B00,PAY,"26,400","12,336"
11/16/2021,11/16/2021 10:27,126880,PAY,"29,400","21,929"
11/16/2021,11/16/2021 12:03,2TNB80,PAY,"22,400","15,160"
11/16/2021,11/16/2021 15:09,2XMA80,PAY,"27,000","19,608"
11/16/2021,11/16/2021 20:27,2N3D00,PAY,"18,000","10,905"
11/16/2021,11/16/2021 21:01,2KNWG0,PAY,"18,500","11,388"
11/17/2021,11/17/2021 1:06,0RK2R0,PAY,"28,500","21,058"
11/17/2021,11/17/2021 10:12,17S1G0,PAY,"29,000","21,542"
11/17/2021,11/17/2021 11:27,2T1700,PAY,"19,000","11,872"
11/17/2021,11/17/2021 11:27,2T1700,CANCEL,"-19,000","-11,872"
11/17/2021,11/17/2021 15:05,0X2Y00,PAY,"24,400","17,094"
11/17/2021,11/17/2021 19:02,0YCW00,PAY,"38,400","27,731"
11/17/2021,11/17/2021 19:06,0KX500,PAY,"43,400","35,467"
11/17/2021,11/17/2021 20:34,12GEG0,PAY,"20,000","12,839"
11/17/2021,11/17/2021 20:39,26GH00,PAY,"29,900","22,412"
11/17/2021,11/17/2021 23:11,284SR0,PAY,"18,500","9,683"
11/17/2021,11/17/2021 23:13,1CWH00,PAY,"22,000","13,728"
11/18/2021,11/18/2021 9:20,0YEUR0,PAY,"27,900","20,478"
11/18/2021,11/18/2021 11:19,2N6680,PAY,"23,900","16,610"
11/18/2021,11/18/2021 11:39,0Y7500,PAY,"23,000","15,740"
11/18/2021,11/18/2021 12:41,0ELFG0,PAY,"33,400","22,453"
11/18/2021,11/18/2021 12:41,2V2L80,PAY,"19,400","12,259"
11/18/2021,11/18/2021 13:24,0GD780,PAY,"27,400","19,995"
11/18/2021,11/18/2021 13:33,0MMDR0,PAY,"21,500","14,289"
11/18/2021,11/18/2021 13:47,0KB4R0,PAY,"18,000","10,905"
11/18/2021,11/18/2021 20:03,2Y4UG0,PAY,"26,900","12,676"
11/18/2021,11/18/2021 20:46,2M6J80,PAY,"22,000","12,683"
11/18/2021,11/18/2021 22:54,18TJR0,PAY,"19,300","12,162"
11/18/2021,11/18/2021 23:35,2K8E80,PAY,"18,300","11,195"
11/19/2021,11/19/2021 12:00,0D92R0,PAY,"24,900","17,577"
11/19/2021,11/19/2021 14:33,0K6E80,PAY,"21,900","12,597"
11/19/2021,11/19/2021 15:09,1B0D80,PAY,"27,400","19,995"
11/19/2021,11/19/2021 17:17,0STR80,PAY,"18,900","9,851"
11/19/2021,11/19/2021 17:38,075NR0,PAY,"19,500","11,447"
11/19/2021,11/19/2021 19:31,0PNC80,PAY,"27,400","13,017"
11/19/2021,11/19/2021 20:17,1HK680,PAY,"51,000","42,816"
11/19/2021,11/19/2021 22:14,11580,PAY,"23,500","13,968"
11/19/2021,11/19/2021 23:23,209A00,PAY,"19,400","12,259"
11/20/2021,11/20/2021 13:01,1BVPR0,PAY,"25,900","18,544"
11/20/2021,11/20/2021 16:02,0MR9R0,PAY,"27,400","19,995"
11/20/2021,11/20/2021 16:25,0N1YG0,PAY,"33,900","26,280"
11/20/2021,11/20/2021 20:16,1GYV00,PAY,"45,600","34,693"
11/21/2021,11/21/2021 12:00,0U4780,PAY,"22,500","15,256"
11/21/2021,11/21/2021 14:03,1KC7R0,PAY,"25,500","15,256"
11/21/2021,11/21/2021 16:59,1VGK80,PAY,"25,900","18,544"
11/21/2021,11/21/2021 17:36,1318G0,PAY,"21,000","13,806"
11/21/2021,11/21/2021 22:03,2WRW00,PAY,"27,900","20,478"
11/21/2021,11/21/2021 23:52,1G2B00,PAY,"32,400","21,929"
11/22/2021,11/22/2021 11:16,0KUT00,PAY,"27,900","20,478"
11/22/2021,11/22/2021 11:16,2L9LR0,PAY,"33,000","25,410"
11/22/2021,11/22/2021 11:23,1P1180,PAY,"30,400","22,896"
11/22/2021,11/22/2021 11:33,184HR0,PAY,"18,300","11,195"
11/22/2021,11/22/2021 11:40,0TURG0,PAY,"23,000","15,740"
11/22/2021,11/22/2021 11:50,2K6V00,PAY,"27,400","19,995"
11/22/2021,11/22/2021 12:34,15RUG0,PAY,"21,000","13,806"
11/22/2021,11/22/2021 13:41,1GN0R0,PAY,"22,900","15,643"
11/22/2021,11/22/2021 15:01,1FKK80,PAY,"18,500","11,388"
11/22/2021,11/22/2021 15:05,1YSTG0,PAY,"18,000","10,905"
11/22/2021,11/22/2021 16:00,2G8W00,PAY,"19,500","12,355"
11/22/2021,11/22/2021 17:13,0T2SR0,PAY,"57,000","45,648"
11/22/2021,11/22/2021 17:36,22FMG0,PAY,"29,000","21,542"
11/22/2021,11/22/2021 18:42,097B00,PAY,"145,000","133,714"
11/22/2021,11/22/2021 18:52,0K7180,PAY,"27,400","19,995"
11/22/2021,11/22/2021 20:13,18Y700,PAY,"23,600","16,320"
11/22/2021,11/22/2021 20:35,2US2G0,PAY,"19,000","11,872"
11/22/2021,11/22/2021 21:04,1PHD80,PAY,"29,900","22,412"
11/23/2021,11/23/2021 0:52,0S4GG0,PAY,"21,700","14,483"
11/23/2021,11/23/2021 9:51,174F00,PAY,"25,900","18,544"
11/23/2021,11/23/2021 10:19,0ELVG0,PAY,"22,500","15,256"
11/23/2021,11/23/2021 11:30,2MDU00,PAY,"25,400","18,061"
11/23/2021,11/23/2021 11:32,0JR880,PAY,"23,000","15,740"
11/23/2021,11/23/2021 12:39,29EHG0,PAY,"28,000","20,575"
11/23/2021,11/23/2021 15:00,14JB80,PAY,"21,000","13,806"
11/23/2021,11/23/2021 15:06,0DYF80,PAY,"22,900","15,643"
11/23/2021,11/23/2021 15:13,1HS4G0,PAY,"25,000","17,674"
11/23/2021,11/23/2021 17:37,16VX80,PAY,"21,000","9,255"
11/23/2021,11/23/2021 19:14,27VA80,PAY,"18,900","11,775"
11/23/2021,11/23/2021 19:34,0JGK80,PAY,"20,400","13,226"
11/23/2021,11/23/2021 20:14,28AH80,PAY,"19,500","12,355"
11/23/2021,11/23/2021 20:18,1MWCG0,PAY,"19,000","11,872"
11/23/2021,11/23/2021 21:11,1RJCG0,PAY,"25,500","18,157"
11/23/2021,11/23/2021 22:26,12ST80,PAY,"22,500","15,256"
11/23/2021,11/23/2021 22:43,1KYF00,PAY,"18,000","10,905"
11/23/2021,11/23/2021 22:48,2JGJR0,PAY,"29,900","22,412"
11/24/2021,11/24/2021 10:32,0RJ8G0,PAY,"18,500","11,388"
11/24/2021,11/24/2021 11:56,2C7FR0,PAY,"33,000","25,410"
11/24/2021,11/24/2021 12:23,1FM900,PAY,"60,400","51,906"
11/24/2021,11/24/2021 12:23,1FM900,CANCEL,"-60,400","-51,906"
11/24/2021,11/24/2021 12:25,0MT5G0,PAY,"66,900","58,191"
11/24/2021,11/24/2021 15:04,1T46G0,PAY,"25,300","17,964"
11/24/2021,11/24/2021 16:32,2KFV00,PAY,"21,400","14,193"
11/24/2021,11/24/2021 17:24,0TPHG0,PAY,"26,300","18,931"
11/24/2021,11/24/2021 17:40,1EM900,PAY,"22,500","12,355"
11/24/2021,11/24/2021 18:39,1LY6G0,PAY,"20,500","13,322"
11/24/2021,11/24/2021 18:56,0JY9R0,PAY,"25,400","18,061"
11/24/2021,11/24/2021 19:53,10NM80,PAY,"20,000","10,034"
11/24/2021,11/24/2021 20:04,81000,PAY,"27,900","20,478"
11/24/2021,11/24/2021 20:07,1X2FG0,PAY,"24,000","16,707"
11/24/2021,11/24/2021 21:03,0PXX80,PAY,"18,000","10,905"
11/24/2021,11/24/2021 21:35,0VB280,PAY,"26,400","19,028"
11/24/2021,11/24/2021 21:43,0Y0XR0,PAY,"27,900","20,478"
11/25/2021,11/25/2021 9:54,2G6300,PAY,"21,500","14,289"
11/25/2021,11/25/2021 11:13,0R8H00,PAY,"26,900","19,511"
11/25/2021,11/25/2021 11:46,2NNF80,PAY,"29,400","20,477"
11/25/2021,11/25/2021 11:58,2PEAG0,PAY,"21,000","11,826"
11/25/2021,11/25/2021 12:18,0C8NR0,PAY,"31,400","23,863"
11/25/2021,11/25/2021 16:13,1J9V00,PAY,"18,000","10,905"
11/25/2021,11/25/2021 16:50,1SM0R0,PAY,"21,800","14,580"
11/25/2021,11/25/2021 17:42,2XWP00,PAY,"18,000","10,905"
11/25/2021,11/25/2021 18:05,28JPG0,PAY,"24,000","13,806"
11/25/2021,11/25/2021 19:33,2R4Y00,PAY,"18,000","10,905"
11/25/2021,11/25/2021 20:45,236N00,PAY,"29,900","22,412"
11/25/2021,11/25/2021 20:51,2B7A00,PAY,"20,500","11,397"
11/25/2021,11/25/2021 22:50,1FU6G0,PAY,"18,500","10,535"
11/25/2021,11/25/2021 23:20,2RC2R0,PAY,"26,400","19,028"
11/26/2021,11/26/2021 10:05,09KRG0,PAY,"22,300","15,063"
11/26/2021,11/26/2021 10:19,0LVDG0,PAY,"26,400","19,028"
11/26/2021,11/26/2021 11:31,0DME80,PAY,"28,400","20,962"
11/26/2021,11/26/2021 11:37,1A2300,PAY,"23,500","16,223"
11/26/2021,11/26/2021 12:37,25HTG0,PAY,"27,900","17,739"
11/26/2021,11/26/2021 12:57,1EDGG0,PAY,"26,900","19,511"
11/26/2021,11/26/2021 14:48,20AA00,PAY,"18,900","11,775"
11/26/2021,11/26/2021 14:58,1EMUR0,PAY,"20,900","13,709"
11/26/2021,11/26/2021 17:05,2F1C80,PAY,"19,000","11,872"
11/26/2021,11/26/2021 17:07,1Y6V00,PAY,"25,500","18,157"
11/26/2021,11/26/2021 17:25,0BVEG0,PAY,"19,400","12,259"
11/26/2021,11/26/2021 17:29,0CVAR0,PAY,"21,000","13,806"
11/26/2021,11/26/2021 19:39,0X70G0,PAY,"27,900","17,739"
11/26/2021,11/26/2021 20:12,1TSY80,PAY,"26,400","19,028"
11/26/2021,11/26/2021 20:55,1M1DG0,PAY,"32,900","16,762"
11/26/2021,11/26/2021 21:20,09GW80,PAY,"22,000","14,773"
11/26/2021,11/26/2021 21:20,09GW80,CANCEL,"-22,000","-14,773"
11/26/2021,11/26/2021 21:21,10NDG0,PAY,"22,000","14,773"
11/27/2021,11/27/2021 11:18,203880,PAY,"28,800","18,511"
11/27/2021,11/27/2021 13:02,1NBMR0,PAY,"19,500","12,355"
11/27/2021,11/27/2021 13:06,04W780,PAY,"21,800","14,580"
11/27/2021,11/27/2021 14:43,23EA80,PAY,"20,500","8,317"
11/27/2021,11/27/2021 16:59,239RG0,PAY,"19,900","12,742"
11/27/2021,11/27/2021 17:47,0WXM80,PAY,"39,300","31,502"
11/27/2021,11/27/2021 19:08,2UD980,PAY,"19,400","12,259"
11/27/2021,11/27/2021 19:16,0Y4RR0,PAY,"20,000","12,839"
11/27/2021,11/27/2021 20:37,12N900,PAY,"23,400","16,127"
11/28/2021,11/28/2021 10:10,0H9R00,PAY,"27,400","13,017"
11/28/2021,11/28/2021 10:18,0JMWG0,PAY,"18,000","9,255"
11/28/2021,11/28/2021 11:40,23BMR0,PAY,"21,700","14,483"
11/28/2021,11/28/2021 14:09,02AKR0,PAY,"29,900","22,412"
11/28/2021,11/28/2021 15:33,1YT980,PAY,"18,500","9,342"
11/28/2021,11/28/2021 17:40,0PYDG0,PAY,"26,400","19,028"
11/28/2021,11/28/2021 17:52,1W8CG0,PAY,"31,900","24,346"
11/28/2021,11/28/2021 19:42,0EPHG0,PAY,"27,900","20,478"
11/28/2021,11/28/2021 19:54,2C5SR0,PAY,"22,000","14,773"
11/28/2021,11/28/2021 21:15,0GWVG0,PAY,"18,500","11,388"
11/28/2021,11/28/2021 21:33,17P700,PAY,"20,000","9,099"
11/28/2021,11/28/2021 22:58,18MM80,PAY,"26,900","18,196"
11/29/2021,11/29/2021 11:56,0P31G0,PAY,"21,400","14,193"
11/29/2021,11/29/2021 12:52,257JR0,PAY,"19,900","12,742"
11/29/2021,11/29/2021 13:08,1N6W00,PAY,"19,500","12,355"
11/29/2021,11/29/2021 13:28,1YGWR0,PAY,"42,500","34,596"
11/29/2021,11/29/2021 14:02,2NCP00,PAY,"18,800","7,160"
11/29/2021,11/29/2021 14:26,1VVNR0,PAY,"27,400","18,653"
11/29/2021,11/29/2021 15:14,0PPS00,PAY,"20,500","13,322"
11/29/2021,11/29/2021 18:11,1VBUG0,PAY,"148,500","137,098"
11/29/2021,11/29/2021 18:13,26LXR0,PAY,"18,900","11,775"
11/29/2021,11/29/2021 18:15,1GVJ00,PAY,"15,500","14,988"
11/29/2021,11/29/2021 18:17,1GVJ00,CANCEL,"-15,500","-14,988"
11/29/2021,11/29/2021 18:17,19M6R0,PAY,"18,500","11,388"
11/29/2021,11/29/2021 18:22,0AJC80,PAY,"27,400","19,995"
11/29/2021,11/29/2021 18:34,02BB00,PAY,"33,400","25,797"
11/29/2021,11/29/2021 18:51,0XVYG0,PAY,"22,000","11,872"
11/29/2021,11/29/2021 20:13,26K000,PAY,"27,400","18,653"
11/30/2021,11/30/2021 10:43,0TGHR0,PAY,"19,000","11,872"
11/30/2021,11/30/2021 11:04,2RLPR0,PAY,"21,000","13,806"
11/30/2021,11/30/2021 12:24,2R13G0,PAY,"21,000","13,806"
11/30/2021,11/30/2021 13:05,22L100,PAY,"23,000","11,340"
11/30/2021,11/30/2021 18:22,27B700,PAY,"19,500","18,856"
11/30/2021,11/30/2021 18:26,1WNKG0,PAY,"26,900","19,511"
11/30/2021,11/30/2021 18:36,2NGHG0,PAY,"39,400","31,599"
11/30/2021,11/30/2021 18:56,1YF000,PAY,"35,000","27,344"
11/30/2021,11/30/2021 21:05,0BC100,PAY,"33,000","25,410"
11/30/2021,11/30/2021 21:21,1MBWR0,PAY,"18,000","9,915"
11/30/2021,11/30/2021 22:32,02BC00,PAY,"29,500","22,025"
11/30/2021,11/30/2021 23:21,0HGN00,PAY,"26,500","16,539"
12/1/2021,12/1/2021 11:36,038R00,PAY,"25,900","18,544"
12/1/2021,12/1/2021 13:03,0RTGR0,PAY,"22,500","15,256"
12/1/2021,12/1/2021 16:56,079B00,PAY,"17,000","16,439"
12/1/2021,12/1/2021 17:23,2CS980,PAY,"23,000","12,839"
12/1/2021,12/1/2021 17:24,079B00,CANCEL,"-17,000","-16,439"
12/1/2021,12/1/2021 17:39,2N5T00,PAY,"58,400","49,972"
12/1/2021,12/1/2021 18:09,21N7G0,PAY,"20,900","13,709"
12/1/2021,12/1/2021 18:53,2G3M00,PAY,"20,000","12,839"
12/1/2021,12/1/2021 19:52,2CFT00,PAY,"25,400","16,829"
12/1/2021,12/1/2021 20:02,26DJG0,PAY,"22,500","15,256"
12/1/2021,12/1/2021 20:39,0066R0,PAY,"24,800","17,481"
12/1/2021,12/1/2021 23:44,2JTR80,PAY,"25,700","11,859"
12/2/2021,12/2/2021 10:07,1J0K80,PAY,"30,900","23,379"
12/2/2021,12/2/2021 10:20,19YPG0,PAY,"27,400","19,995"
12/2/2021,12/2/2021 11:03,1UA5R0,PAY,"26,900","19,511"
12/2/2021,12/2/2021 12:16,226P80,PAY,"24,500","17,190"
12/2/2021,12/2/2021 12:56,0L9BG0,PAY,"21,000","13,806"
12/2/2021,12/2/2021 13:04,1T7380,PAY,"25,400","18,061"
12/2/2021,12/2/2021 14:19,94380,PAY,"22,500","15,256"
12/2/2021,12/2/2021 14:30,1VW5R0,PAY,"27,400","19,995"
12/2/2021,12/2/2021 17:08,2CBSG0,PAY,"18,000","10,905"
12/2/2021,12/2/2021 17:46,06GLR0,PAY,"23,800","16,514"
12/2/2021,12/2/2021 17:53,14E2G0,PAY,"23,500","13,322"
12/2/2021,12/2/2021 18:11,1BYK00,PAY,"37,900","30,148"
12/2/2021,12/2/2021 19:39,0CU580,PAY,"18,000","10,905"
12/3/2021,12/3/2021 15:28,124PR0,PAY,"33,400","25,797"
12/3/2021,12/3/2021 16:08,0W3CR0,PAY,"31,400","20,962"
12/3/2021,12/3/2021 16:14,1MAC00,PAY,"35,300","27,634"
12/3/2021,12/3/2021 20:08,1C42R0,PAY,"21,500","11,388"
12/3/2021,12/3/2021 21:09,15P0G0,PAY,"23,000","15,740"
12/3/2021,12/3/2021 22:15,2FRMG0,PAY,"19,900","12,742"
12/4/2021,12/4/2021 11:54,2LB3R0,PAY,"35,000","27,344"
12/4/2021,12/4/2021 12:00,2F9GG0,PAY,"18,400","11,292"
12/4/2021,12/4/2021 13:50,05JH00,PAY,"39,500","31,695"
12/4/2021,12/4/2021 14:02,2XTEG0,PAY,"20,500","13,322"
12/4/2021,12/4/2021 14:02,11PWR0,PAY,"18,000","10,905"
12/4/2021,12/4/2021 14:31,0SDR80,PAY,"31,200","23,669"
12/4/2021,12/4/2021 16:42,15G000,PAY,"27,400","19,995"
12/4/2021,12/4/2021 18:22,2GTG80,PAY,"21,000","10,905"
12/5/2021,12/5/2021 10:42,2H4B00,PAY,"18,900","11,775"
12/5/2021,12/5/2021 11:58,19YMR1,PAY,"30,900","23,379"
12/5/2021,12/5/2021 13:55,08WHG0,PAY,"25,000","17,674"
12/5/2021,12/5/2021 15:34,0UUU00,PAY,"18,000","7,258"
12/5/2021,12/5/2021 18:17,03Y680,PAY,"23,500","16,223"
12/5/2021,12/5/2021 18:26,0VGCG0,PAY,"19,500","12,355"
12/5/2021,12/5/2021 18:59,0SJW80,PAY,"21,000","13,806"
12/5/2021,12/5/2021 21:05,277VG0,PAY,"42,500","23,299"
12/6/2021,12/6/2021 9:43,25SX80,PAY,"35,400","24,167"
12/6/2021,12/6/2021 10:56,1GNK80,PAY,"25,900","18,544"
12/6/2021,12/6/2021 12:08,10BC80,PAY,"21,000","13,806"
12/6/2021,12/6/2021 12:41,1EKXR0,PAY,"18,000","10,905"
12/6/2021,12/6/2021 17:19,082W80,PAY,"34,600","26,957"
12/6/2021,12/6/2021 18:39,0GKKG0,PAY,"99,000","89,232"
12/6/2021,12/6/2021 18:52,14BV00,PAY,"23,500","13,322"
12/6/2021,12/6/2021 18:58,1P8500,PAY,"18,000","10,905"
12/6/2021,12/6/2021 19:21,2S6F00,PAY,"21,800","13,546"
12/6/2021,12/6/2021 21:00,24BYR0,PAY,"29,900","22,412"
12/6/2021,12/6/2021 22:02,17V780,PAY,"27,400","19,995"
12/6/2021,12/6/2021 22:51,0CW0G0,PAY,"31,400","20,962"
12/6/2021,12/6/2021 22:55,0T3BR0,PAY,"18,500","6,955"
12/7/2021,12/7/2021 10:07,2R4UR0,PAY,"32,400","24,830"
12/7/2021,12/7/2021 10:11,1F4NR0,PAY,"18,300","11,195"
12/7/2021,12/7/2021 10:13,1J4XR0,PAY,"28,300","20,865"
12/7/2021,12/7/2021 12:12,2D1VR0,PAY,"49,000","40,882"
12/7/2021,12/7/2021 12:43,0TYFG0,PAY,"32,900","20,932"
12/7/2021,12/7/2021 13:41,0BY100,PAY,"20,000","12,839"
12/7/2021,12/7/2021 13:57,2G52R0,PAY,"23,000","15,740"
12/7/2021,12/7/2021 15:30,0P83G0,PAY,"31,900","24,346"
12/7/2021,12/7/2021 19:34,02H5R0,PAY,"21,000","10,905"
12/7/2021,12/7/2021 22:29,2DY5G0,PAY,"19,800","12,646"
12/8/2021,12/8/2021 9:23,2NGU80,PAY,"27,400","19,995"
12/8/2021,12/8/2021 13:03,0X7680,PAY,"33,400","25,797"
12/8/2021,12/8/2021 16:55,2E43G0,PAY,"25,400","18,061"
12/8/2021,12/8/2021 16:59,92100,PAY,"18,500","11,388"
12/8/2021,12/8/2021 17:09,0CK180,PAY,"18,000","10,905"
12/8/2021,12/8/2021 18:11,0E29R0,PAY,"18,000","10,905"
12/8/2021,12/8/2021 19:27,1S9NG0,PAY,"22,000","14,773"
12/8/2021,12/8/2021 20:01,065G80,PAY,"18,000","10,905"
12/8/2021,12/8/2021 21:56,240X00,PAY,"26,900","19,511"
12/8/2021,12/8/2021 22:07,1A8VG0,PAY,"21,400","14,193"
12/8/2021,12/8/2021 23:56,2R80G0,PAY,"25,400","18,061"
12/9/2021,12/9/2021 9:41,2KCE00,PAY,"29,800","15,058"
12/9/2021,12/9/2021 11:11,1A0UG0,PAY,"21,000","13,806"
12/9/2021,12/9/2021 11:22,29RSR0,PAY,"22,000","9,339"
12/9/2021,12/9/2021 12:07,0JU4R0,PAY,"19,500","12,355"
12/9/2021,12/9/2021 12:18,2E3D80,PAY,"18,500","17,889"
12/9/2021,12/9/2021 12:42,2NH780,PAY,"24,000","16,707"
12/9/2021,12/9/2021 13:02,2G4U00,PAY,"37,300","29,568"
12/9/2021,12/9/2021 16:19,0X5V00,PAY,"21,000","13,806"
12/9/2021,12/9/2021 17:25,0Y2SG0,PAY,"19,900","7,909"
12/9/2021,12/9/2021 17:57,1WH380,PAY,"47,000","38,948"
12/9/2021,12/9/2021 20:24,267W00,PAY,"23,000","12,839"
12/9/2021,12/9/2021 20:59,08VH80,PAY,"26,900","19,511"
12/9/2021,12/9/2021 21:31,165YG0,PAY,"33,000","25,410"
12/10/2021,12/10/2021 11:19,13HG80,PAY,"21,400","14,193"
12/10/2021,12/10/2021 13:17,2T17G0,PAY,"24,400","17,094"
12/10/2021,12/10/2021 13:49,1TABR0,PAY,"8,800","8,510"
12/10/2021,12/10/2021 15:03,1UGVG0,PAY,"18,000","10,905"
12/10/2021,12/10/2021 17:30,031XG0,PAY,"21,000","12,816"
12/10/2021,12/10/2021 18:08,0EV100,PAY,"21,000","13,806"
12/10/2021,12/10/2021 18:21,1PS780,PAY,"26,900","19,511"
12/10/2021,12/10/2021 18:49,1W4ER0,PAY,"23,000","15,740"
12/10/2021,12/10/2021 21:30,204S00,PAY,"25,400","18,061"
12/11/2021,12/11/2021 10:14,01DER0,PAY,"18,000","10,905"
12/11/2021,12/11/2021 12:05,2WT7G0,PAY,"21,000","13,806"
12/11/2021,12/11/2021 16:16,1H0RR0,PAY,"20,500","13,322"
12/11/2021,12/11/2021 19:25,0JUFG0,PAY,"31,900","16,447"
12/11/2021,12/11/2021 21:08,1FH080,PAY,"32,900","25,313"
12/11/2021,12/11/2021 22:48,0JVN80,PAY,"39,900","32,082"
12/11/2021,12/11/2021 23:54,1RHJG0,PAY,"23,900","10,895"
12/12/2021,12/12/2021 11:16,1V3UG0,PAY,"18,100","11,002"
12/12/2021,12/12/2021 13:32,0PUP00,PAY,"30,400","22,896"
12/12/2021,12/12/2021 13:50,0G9PR0,PAY,"24,000","16,707"
12/12/2021,12/12/2021 15:37,0XWFR0,PAY,"18,000","10,905"
12/12/2021,12/12/2021 16:45,0PUA00,PAY,"18,000","10,905"
12/12/2021,12/12/2021 16:45,0PUA00,CANCEL,"-18,000","-10,905"
12/12/2021,12/12/2021 16:45,2WS1G0,PAY,"18,000","10,905"
12/12/2021,12/12/2021 17:47,1NT200,PAY,"18,000","10,905"
12/12/2021,12/12/2021 18:08,16A980,PAY,"23,000","12,839"
12/12/2021,12/12/2021 21:55,008K00,PAY,"25,000","12,326"
12/13/2021,12/13/2021 12:50,27J5R0,PAY,"41,300","33,436"
12/13/2021,12/13/2021 14:08,1YBRR0,PAY,"22,900","15,643"
12/13/2021,12/13/2021 15:15,2PFB80,PAY,"27,400","19,995"
12/13/2021,12/13/2021 16:41,082NG0,PAY,"31,400","23,863"
12/13/2021,12/13/2021 17:30,0TL7G0,PAY,"25,400","16,829"
12/13/2021,12/13/2021 17:54,2AS8R0,PAY,"34,400","26,764"
12/13/2021,12/13/2021 18:05,1P8DR0,PAY,"50,500","42,332"
12/13/2021,12/13/2021 18:31,236V00,PAY,"119,000","108,572"
12/13/2021,12/13/2021 18:36,2EUG80,PAY,"21,000","10,905"
12/13/2021,12/13/2021 19:50,1DCR80,PAY,"18,000","10,905"
12/13/2021,12/13/2021 21:42,1TW880,PAY,"21,000","13,806"
12/13/2021,12/13/2021 22:11,0V2LR0,PAY,"18,300","7,475"
12/14/2021,12/14/2021 9:58,2LFKG0,PAY,"24,400","15,917"
12/14/2021,12/14/2021 10:01,17W0G0,PAY,"18,500","11,388"
12/14/2021,12/14/2021 10:57,1RTBR0,PAY,"26,900","19,511"
12/14/2021,12/14/2021 11:25,1GHP00,PAY,"31,400","23,863"
12/14/2021,12/14/2021 12:38,28TWR0,PAY,"41,800","33,920"
12/14/2021,12/14/2021 12:48,0J0680,PAY,"22,500","14,183"
12/14/2021,12/14/2021 14:02,2PWRR0,PAY,"23,500","16,223"
12/14/2021,12/14/2021 17:28,2HWV00,PAY,"23,000","12,839"
12/14/2021,12/14/2021 19:26,27V380,PAY,"22,900","15,643"
12/14/2021,12/14/2021 19:58,1AUN00,PAY,"20,000","12,839"
12/14/2021,12/14/2021 20:55,1NVAR0,PAY,"38,400","30,632"
12/14/2021,12/14/2021 20:59,1NVAR0,CANCEL,"-38,400","-30,632"
12/14/2021,12/14/2021 21:03,1HJ9R0,PAY,"67,000","58,288"
12/14/2021,12/14/2021 22:50,1TMN80,PAY,"18,000","10,905"
12/14/2021,12/14/2021 23:28,1N4HR0,PAY,"44,000","36,047"
12/15/2021,12/15/2021 11:23,2L6B00,PAY,"29,900","22,412"
12/15/2021,12/15/2021 11:47,2WPD00,PAY,"21,500","14,289"
12/15/2021,12/15/2021 14:08,0KHMG0,PAY,"26,000","17,376"
12/15/2021,12/15/2021 15:33,1CGAG0,PAY,"19,000","11,872"
12/15/2021,12/15/2021 16:14,1FMC00,PAY,"18,000","10,905"
12/15/2021,12/15/2021 17:29,1R3J00,PAY,"18,000","10,905"
12/15/2021,12/15/2021 17:38,0DCCG0,PAY,"23,500","13,322"
12/15/2021,12/15/2021 18:03,11WF00,PAY,"28,900","18,544"
12/15/2021,12/15/2021 18:18,10C8G0,PAY,"18,700","11,582"
12/15/2021,12/15/2021 19:17,0BEK00,PAY,"19,500","12,355"
12/15/2021,12/15/2021 22:47,168F00,PAY,"19,900","12,742"
12/16/2021,12/16/2021 10:14,2JBV80,PAY,"32,900","23,668"
12/16/2021,12/16/2021 11:30,1PFH00,PAY,"34,400","26,764"
12/16/2021,12/16/2021 12:00,18FRG0,PAY,"25,400","12,615"
12/16/2021,12/16/2021 12:26,2XG6R0,PAY,"21,000","13,806"
12/16/2021,12/16/2021 12:57,0W52G0,PAY,"38,900","31,115"
12/16/2021,12/16/2021 13:05,2RGAR0,PAY,"19,500","12,355"
12/16/2021,12/16/2021 14:46,0UX800,PAY,"59,900","51,422"
12/16/2021,12/16/2021 17:38,09FYR0,PAY,"23,000","12,839"
12/16/2021,12/16/2021 18:55,1UCHG0,PAY,"20,900","12,724"
12/16/2021,12/16/2021 19:10,0S6F00,PAY,"29,800","22,316"
12/16/2021,12/16/2021 19:37,0RR8R0,PAY,"43,300","35,370"
12/16/2021,12/16/2021 22:58,0Y8980,PAY,"27,900","20,478"
12/17/2021,12/17/2021 10:45,1NEX80,PAY,"24,400","17,094"
12/17/2021,12/17/2021 11:55,1WMPR0,PAY,"37,800","30,052"
12/17/2021,12/17/2021 19:10,0SNLR0,PAY,"18,500","11,388"
12/17/2021,12/17/2021 21:17,2U5A00,PAY,"72,900","63,993"
12/18/2021,12/18/2021 14:03,0YVK00,PAY,"32,900","25,313"
12/18/2021,12/18/2021 17:00,18VE00,PAY,"19,500","18,856"
12/18/2021,12/18/2021 17:22,18VE00,CANCEL,"-19,500","-18,856"
12/19/2021,12/19/2021 12:54,28FD80,PAY,"32,900","31,814"
12/19/2021,12/19/2021 13:41,1TAR80,PAY,"19,500","8,343"
12/19/2021,12/19/2021 13:41,1TAR80,CANCEL,"-19,500","-8,343"
12/19/2021,12/19/2021 13:42,0C8B00,PAY,"19,500","8,343"
12/20/2021,12/20/2021 10:58,59080,PAY,"25,500","18,157"
12/20/2021,12/20/2021 15:49,2.82E+82,PAY,"48,300","37,713"
12/20/2021,12/20/2021 16:47,1UKAR0,PAY,"23,000","12,839"
12/20/2021,12/20/2021 18:49,0BVX00,PAY,"32,500","24,926"
12/20/2021,12/20/2021 20:29,2M6200,PAY,"21,500","14,289"
12/21/2021,12/21/2021 10:53,17JY80,PAY,"40,300","32,469"
12/21/2021,12/21/2021 11:28,0NWCG0,PAY,"25,900","18,544"
12/21/2021,12/21/2021 12:12,18000,PAY,"25,900","18,544"
12/21/2021,12/21/2021 12:27,1RFGG0,PAY,"18,000","5,715"
12/21/2021,12/21/2021 17:27,26ARR0,PAY,"18,400","11,292"
12/21/2021,12/21/2021 17:52,0FGR00,PAY,"31,800","24,250"
12/21/2021,12/21/2021 20:20,08NXR0,PAY,"25,000","17,674"
12/21/2021,12/21/2021 20:25,13YNG0,PAY,"43,300","35,370"
12/21/2021,12/21/2021 22:13,2HVH00,PAY,"25,400","18,061"
12/22/2021,12/22/2021 10:48,0U0WR0,PAY,"18,300","11,195"
12/22/2021,12/22/2021 12:47,0BXDR0,PAY,"25,400","18,061"
12/22/2021,12/22/2021 15:31,0V5T80,PAY,"21,000","13,806"
12/22/2021,12/22/2021 16:08,2VWY00,PAY,"19,400","12,259"
12/22/2021,12/22/2021 18:02,2PD880,PAY,"18,500","11,388"
12/22/2021,12/22/2021 18:50,2P80R0,PAY,"19,400","12,259"
12/22/2021,12/22/2021 19:23,0UD6G0,PAY,"18,500","11,388"
12/22/2021,12/22/2021 20:23,0LGJ80,PAY,"22,000","14,773"
12/22/2021,12/22/2021 20:31,03CW00,PAY,"21,000","10,905"
12/22/2021,12/22/2021 22:10,0NLCG0,PAY,"18,500","11,388"
12/22/2021,12/22/2021 23:00,1G6CG0,PAY,"25,900","10,621"
12/23/2021,12/23/2021 9:08,1CDYG0,PAY,"24,000","16,707"
12/23/2021,12/23/2021 10:45,07DC00,PAY,"22,500","15,256"
12/23/2021,12/23/2021 11:56,0HAUR0,PAY,"18,500","11,388"
12/23/2021,12/23/2021 13:04,0RN6G0,PAY,"21,000","13,806"
12/23/2021,12/23/2021 13:44,1C3F80,PAY,"19,400","12,259"
12/23/2021,12/23/2021 17:07,1LKS00,PAY,"20,500","13,322"
12/23/2021,12/23/2021 17:15,2RHS00,PAY,"23,000","12,839"
12/23/2021,12/23/2021 17:40,2STK80,PAY,"19,500","6,084"
12/23/2021,12/23/2021 19:10,12E3G0,PAY,"18,900","11,775"
12/23/2021,12/23/2021 20:34,0VUJG0,PAY,"29,400","21,929"
12/24/2021,12/24/2021 11:58,1SP700,PAY,"19,000","11,872"
12/24/2021,12/24/2021 12:19,1RPDR0,PAY,"13,000","12,571"
12/24/2021,12/24/2021 18:49,1S9PG0,PAY,"18,000","10,905"
12/25/2021,12/25/2021 13:39,16ND00,PAY,"20,000","12,839"
12/25/2021,12/25/2021 15:05,0SXB80,PAY,"18,000","10,905"
12/26/2021,12/26/2021 12:56,0BH2R0,PAY,"23,900","16,610"
12/26/2021,12/26/2021 13:47,2GB880,PAY,"21,000","13,806"
12/26/2021,12/26/2021 16:41,1SNDR0,PAY,"20,900","7,516"
12/26/2021,12/26/2021 18:49,23JH00,PAY,"21,000","10,905"
12/26/2021,12/26/2021 19:47,2M4KG0,PAY,"18,000","10,905"
12/27/2021,12/27/2021 10:22,28F700,PAY,"23,000","15,740"
12/27/2021,12/27/2021 11:05,05WCR0,PAY,"19,000","11,872"
12/27/2021,12/27/2021 13:13,1KKVG0,PAY,"35,900","28,214"
12/27/2021,12/27/2021 13:23,2TA6G0,PAY,"18,000","10,905"
12/27/2021,12/27/2021 17:23,0P7KG0,PAY,"23,000","12,839"
12/27/2021,12/27/2021 19:03,2NVX80,PAY,"18,900","11,775"
12/27/2021,12/27/2021 19:48,22YCG0,PAY,"42,300","34,403"
12/27/2021,12/27/2021 20:07,18FLR0,PAY,"42,000","31,968"
12/27/2021,12/27/2021 21:02,1FEGR0,PAY,"23,000","15,740"
12/27/2021,12/27/2021 21:32,1J3R80,PAY,"27,400","19,995"
12/27/2021,12/27/2021 22:19,2ATP00,PAY,"19,000","11,872"
12/28/2021,12/28/2021 9:43,1UML00,PAY,"19,000","6,337"
12/28/2021,12/28/2021 11:21,02PE00,PAY,"26,400","17,741"
12/28/2021,12/28/2021 11:25,1GPS80,PAY,"49,000","40,882"
12/28/2021,12/28/2021 11:48,1B3VG0,PAY,"33,000","23,760"
12/28/2021,12/28/2021 12:04,03LG80,PAY,"24,000","15,552"
12/28/2021,12/28/2021 13:41,1HH580,PAY,"41,000","31,056"
12/28/2021,12/28/2021 16:25,1BTFG0,PAY,"29,900","22,412"
12/28/2021,12/28/2021 17:40,0HVWG0,PAY,"43,200","35,273"
12/28/2021,12/28/2021 18:16,2DJAG0,PAY,"25,500","18,157"
12/28/2021,12/28/2021 18:44,1BLW80,PAY,"18,000","10,905"
12/28/2021,12/28/2021 19:12,1KER00,PAY,"20,500","6,426"
12/28/2021,12/28/2021 21:58,1K5MG0,PAY,"18,700","11,582"
12/28/2021,12/28/2021 22:54,2Y9WR0,PAY,"35,800","14,907"
12/29/2021,12/29/2021 11:26,0MYRG0,PAY,"19,500","11,447"
12/29/2021,12/29/2021 17:04,2BDUG0,PAY,"22,500","12,355"
12/29/2021,12/29/2021 18:10,1TN980,PAY,"18,500","11,388"
12/29/2021,12/29/2021 18:13,17E500,PAY,"19,000","11,872"
12/29/2021,12/29/2021 20:54,2A8Y80,PAY,"18,500","6,025"
12/29/2021,12/29/2021 21:36,0PL200,PAY,"24,900","17,577"
12/29/2021,12/29/2021 22:28,2Y1S00,PAY,"18,000","10,905"
12/30/2021,12/30/2021 12:50,0CY3R0,PAY,"26,900","19,511"
12/30/2021,12/30/2021 16:05,2UVBR0,PAY,"25,400","10,311"
12/30/2021,12/30/2021 16:59,2UYCR0,PAY,"18,500","11,388"
12/30/2021,12/30/2021 17:37,2G9R80,PAY,"23,000","12,839"
12/30/2021,12/30/2021 19:30,29FE80,PAY,"19,700","12,549"
12/30/2021,12/30/2021 20:03,274B80,PAY,"19,000","11,872"
12/30/2021,12/30/2021 20:09,2XDP80,PAY,"22,900","15,643"
12/31/2021,12/31/2021 13:00,2D4M80,PAY,"33,400","30,461"
12/31/2021,12/31/2021 16:15,0BUAR0,PAY,"21,500","6,965"
